,DiseaseNames,Url
0,Acne affecting the back,https://dermnetnz.org/topics/acne-affecting-the-back-images
1,Acne affecting the face,https://dermnetnz.org/topics/acne-face-images
2,Acne and other follicular disorder,https://dermnetnz.org/image-catalogue/acne-and-other-follicular-disorder-images
3,Acquired dermal macular hyperpigmentation,https://dermnetnz.org/topics/acquired-dermal-macular-hyperpigmentation-images
4,Acral lentiginous melanoma,https://dermnetnz.org/topics/acral-lentiginous-melanoma-images
5,Actinic keratosis affecting the face,https://dermnetnz.org/topics/actinic-keratosis-face-images
6,Actinic keratosis affecting the hand,https://dermnetnz.org/topics/actinic-keratosis-affecting-the-hand-images
7,Actinic keratosis affecting the legs and feet,https://dermnetnz.org/topics/actinic-keratosis-leg-and-foot-images
8,Actinic keratosis affecting the scalp,https://dermnetnz.org/topics/actinic-keratosis-scalp-images
9,Actinic keratosis dermoscopy,https://dermnetnz.org/topics/actinic-keratosis-dermoscopy-images
10,Actinic keratosis on the nose,https://dermnetnz.org/topics/actinic-keratosis-on-the-nose-images
11,Actinic keratosis treated with imiquimod,https://dermnetnz.org/topics/actinic-keratosis-imiquimod-images
12,Adalimumab,https://dermnetnz.org/topics/adalimumab-images
13,Alopecia areata,https://dermnetnz.org/images/alopecia-areata-images
14,Amelanotic melanoma,https://dermnetnz.org/topics/amelanotic-melanoma-images
15,Anal cancer,https://dermnetnz.org/topics/anal-cancer-images
16,Angiofibromas,https://dermnetnz.org/topics/angiofibromas-images
17,Angiokeratomas,https://dermnetnz.org/topics/angiokeratoma-images
18,Angular cheilitis,https://dermnetnz.org/topics/angular-cheilitis-images
19,Arthropod bites,https://dermnetnz.org/image-catalogue/insect-mite-and-worm-bite-images
20,Atopic dermatitis,https://dermnetnz.org/topics/atopic-dermatitis-images
21,Atopic eczema,https://dermnetnz.org/topics/atopic-dermatitis-images
22,Atopic flexural eczema,https://dermnetnz.org/topics/atopic-flexural-eczema-images
23,Atypical melanocytic,https://dermnetnz.org/topics/atypical-naevus-images
24,Atypical mycobacterial infection,https://dermnetnz.org/topics/atypical-mycobacterial-infection-images
25,Atypical naevus,https://dermnetnz.org/topics/atypical-naevus-images
26,Autoimmune alopecia,https://dermnetnz.org/images/alopecia-areata-images
27,B-K mole,https://dermnetnz.org/topics/atypical-naevus-images
28,BCC affecting the ear,https://dermnetnz.org/topics/basal-cell-carcinoma-affecting-the-ear-images
29,BCC affecting the eyelid,https://dermnetnz.org/topics/basal-cell-carcinoma-affecting-the-eyelid-images
30,BCC affecting the face,https://dermnetnz.org/topics/basal-cell-carcinoma-affecting-the-face-images
31,BCC affecting the nose,https://dermnetnz.org/topics/basal-cell-carcinoma-affecting-the-nose-images
32,BCC affecting the trunk,https://dermnetnz.org/topics/basal-cell-carcinoma-affecting-the-trunk-images
33,Bacteria,https://dermnetnz.org/image-catalogue/bacterial-skin-infection-images
34,Bacterial skin infection,https://dermnetnz.org/image-catalogue/bacterial-skin-infection-images
35,Balanitis,https://dermnetnz.org/topics/balanitis-images
36,Basal cell carcinoma affecting the ear,https://dermnetnz.org/topics/basal-cell-carcinoma-affecting-the-ear-images
37,Basal cell carcinoma affecting the eyelid,https://dermnetnz.org/topics/basal-cell-carcinoma-affecting-the-eyelid-images
38,Basal cell carcinoma affecting the face,https://dermnetnz.org/topics/basal-cell-carcinoma-affecting-the-face-images
39,Basal cell carcinoma affecting the nose,https://dermnetnz.org/topics/basal-cell-carcinoma-affecting-the-nose-images
40,Basal cell carcinoma affecting the trunk,https://dermnetnz.org/topics/basal-cell-carcinoma-affecting-the-trunk-images
41,Basal cell epithelioma affecting the ear,https://dermnetnz.org/topics/basal-cell-carcinoma-affecting-the-ear-images
42,Basal cell epithelioma affecting the eyelid,https://dermnetnz.org/topics/basal-cell-carcinoma-affecting-the-eyelid-images
43,Basal cell epithelioma affecting the face,https://dermnetnz.org/topics/basal-cell-carcinoma-affecting-the-face-images
44,Basal cell epithelioma affecting the nose,https://dermnetnz.org/topics/basal-cell-carcinoma-affecting-the-nose-images
45,Basal cell epithelioma affecting the trunk,https://dermnetnz.org/topics/basal-cell-carcinoma-affecting-the-trunk-images
46,Basalioma affecting the ear,https://dermnetnz.org/topics/basal-cell-carcinoma-affecting-the-ear-images
47,Basalioma affecting the eyelid,https://dermnetnz.org/topics/basal-cell-carcinoma-affecting-the-eyelid-images
48,Basalioma affecting the face,https://dermnetnz.org/topics/basal-cell-carcinoma-affecting-the-face-images
49,Basalioma affecting the nose,https://dermnetnz.org/topics/basal-cell-carcinoma-affecting-the-nose-images
50,Basalioma affecting the trunk,https://dermnetnz.org/topics/basal-cell-carcinoma-affecting-the-trunk-images
51,Behcet disease,https://dermnetnz.org/images/behcet-disease-images
52,Besnier prurigo,https://dermnetnz.org/topics/atopic-dermatitis-images
53,Bowenoid papulosis,https://dermnetnz.org/topics/bowenoid-papulosis-images
54,Bullous pemphigoid,https://dermnetnz.org/topics/bullous-pemphigoid-images
55,COVID-19,https://dermnetnz.org/topics/covid-19-images
56,"Candida affecting the lips, mouth and face",https://dermnetnz.org/topics/candida-affecting-the-lips-mouth-and-face-images
57,Candida albicans affecting the nail,https://dermnetnz.org/topics/candida-albicans-affecting-the-nail-images
58,Candida intertrigo,https://dermnetnz.org/topics/candida-intertrigo-images
59,Candida vulvovaginitis,https://dermnetnz.org/topics/candida-vulvovaginitis-images
60,"Candidiasis affecting the lips, mouth and face",https://dermnetnz.org/topics/candida-affecting-the-lips-mouth-and-face-images
61,"Candidosis affecting the lips, mouth and face",https://dermnetnz.org/topics/candida-affecting-the-lips-mouth-and-face-images
62,Capillaritis,https://dermnetnz.org/topics/capillaritis-images
63,Cherry angioma,https://dermnetnz.org/topics/cherry-angioma-images
64,Chronic plaque psoriasis,https://dermnetnz.org/topics/chronic-plaque-psoriasis-images
65,Clark nevus,https://dermnetnz.org/topics/atypical-naevus-images
66,Clavus,https://dermnetnz.org/topics/corn-clavus-images
67,Conditions affecting the ear,https://dermnetnz.org/topics/conditions-affecting-the-ear-images
68,Contact allergic dermatitis of the arm and leg,https://dermnetnz.org/topics/contact-allergic-dermatitis-of-the-arm-and-leg-images
69,Contact allergic dermatitis of the face,https://dermnetnz.org/topics/contact-allergic-dermatitis-of-the-face-images
70,Contact allergic dermatitis of the hand,https://dermnetnz.org/topics/contact-allergic-dermatitis-of-the-hand-images
71,Contact allergic dermatitis of the torso,https://dermnetnz.org/topics/contact-allergic-dermatitis-of-the-torso-images
72,Contact irritant dermatitis,https://dermnetnz.org/topics/contact-irritant-dermatitis-images
73,Corn,https://dermnetnz.org/topics/corn-clavus-images
74,Cutaneous horn,https://dermnetnz.org/topics/cutaneous-horn-images
75,Cutaneous lupus erythematosus,https://dermnetnz.org/topics/cutaneous-lupus-erythematosus-images
76,Cutaneous tuberculosis,https://dermnetnz.org/topics/cutaneous-tuberculosis-images
77,Cysts affecting the vulval area,https://dermnetnz.org/
78,Deep dermal disorder,https://dermnetnz.org/image-catalogue/deep-dermal-disorder-images
79,Dermatitis,https://dermnetnz.org/topics/atopic-dermatitis-images
80,Dermatofibroma,https://dermnetnz.org/topics/dermatofibroma-images
81,Dermatomyositis,https://dermnetnz.org/topics/dermatomyositis-images
82,Dermographism,https://dermnetnz.org/topics/dermographism-images
83,Dermoscopy course,https://dermnetnz.org/image-catalogue/dermoscopy-course-images
84,Digital myxoid cyst,https://dermnetnz.org/topics/digital-myxoid-cyst-images
85,Discoid eczema,https://dermnetnz.org/topics/discoid-eczema-images
86,Disease relating to site or age,https://dermnetnz.org/image-catalogue/disease-relating-to-site-or-age-images
87,Dry skin,https://dermnetnz.org/topics/dry-skin-images
88,Dysplastic naevi,https://dermnetnz.org/topics/atypical-naevus-images
89,Eccrine poroma,https://dermnetnz.org/topics/eccrine-poroma-images
90,Ecthyma,https://dermnetnz.org/topics/ecthyma-images
91,Eczema herpeticum,https://dermnetnz.org/topics/eczema-herpeticum-images
92,Ehlers–Danlos syndrome,https://dermnetnz.org/topics/ehlers-danlos-syndrome-images
93,Enteroviral infection,https://dermnetnz.org/topics/hand-foot-and-mouth-disease-images
94,Epidermal and pilar cyst,https://dermnetnz.org/topics/epidermoid-and-trichilemmal-cyst-images
95,Epiloia,https://dermnetnz.org/topics/tuberous-sclerosis-images
96,Epiloia,https://dermnetnz.org/topics/tuberous-sclerosis-images
97,Erythema infectiosum,https://dermnetnz.org/topics/erythema-infectiosum-fifth-disease-images
98,Erythema migrans,https://dermnetnz.org/topics/erythema-migrans-images
99,Erythema multiforme,https://dermnetnz.org/topics/erythema-multiforme-images
100,Erythema nodosum,https://dermnetnz.org/topics/erythema-nodosum-images
101,Erythrasma,https://dermnetnz.org/topics/erythrasma-images
102,Erythroderma,https://dermnetnz.org/topics/erythroderma-images
103,Extragenital lichen sclerosus,https://dermnetnz.org/topics/extragenital-lichen-sclerosus-images
104,Eyebrow loss,https://dermnetnz.org/topics/madarosis-images
105,Eyelash loss,https://dermnetnz.org/topics/madarosis-images
106,Eyelid dermatitis,https://dermnetnz.org/topics/eyelid-dermatitis-images
107,Fabry disease,https://dermnetnz.org/topics/angiokeratoma-images
108,Facial acne,https://dermnetnz.org/topics/acne-face-images
109,Facial psoriasis,https://dermnetnz.org/topics/facial-psoriasis-images
110,Fibrofolliculomas in Birt–Hogg–Dubé,https://dermnetnz.org/topics/fibrofolliculomas-in-birthoggdube-images
111,Fifth disease,https://dermnetnz.org/topics/erythema-infectiosum-fifth-disease-images
112,Fishtank granuloma,https://dermnetnz.org/topics/atypical-mycobacterial-infection-images
113,Flexural psoriasis,https://dermnetnz.org/topics/flexural-psoriasis-images
114,Folliculitis,https://dermnetnz.org/topics/folliculitis-images
115,Folliculitis keloidalis,https://dermnetnz.org/topics/folliculitis-keloidalis-images
116,Fordyce angiokeratoma,https://dermnetnz.org/topics/angiokeratoma-images
117,Fungal skin infection,https://dermnetnz.org/image-catalogue/fungal-skin-infection-images
118,Generalised pustular psoriasis,https://dermnetnz.org/topics/generalised-pustular-psoriasis-images
119,Genital Crohn disease,https://dermnetnz.org/topics/genital-crohn-disease-images
120,Genital herpes,https://dermnetnz.org/topics/genital-herpes-images
121,Genital lichen planus,https://dermnetnz.org/images/genital-lichen-planus-images
122,Genital psoriasis,https://dermnetnz.org/topics/genital-psoriasis-images
123,Genital wart,https://dermnetnz.org/topics/genital-wart-images
124,Gougerot Blum,https://dermnetnz.org/topics/capillaritis-images
125,Gouty tophus,https://dermnetnz.org/topics/gouty-tophi-images
126,Granular parakeratosis,https://dermnetnz.org/topics/granular-parakeratosis-images
127,Granuloma annulare,https://dermnetnz.org/topics/granuloma-annulare-images
128,Grover,https://dermnetnz.org/topics/transient-acantholytic-dermatosis-images
129,Guttate psoriasis,https://dermnetnz.org/topics/guttate-psoriasis-images
130,"Hair, scalp, nail and sweat",https://dermnetnz.org/image-catalogue/hair-scalp-nail-and-sweat-images
131,Halo mole,https://dermnetnz.org/topics/halo-mole-images
132,Hand dermatitis,https://dermnetnz.org/topics/hand-dermatitis-images
133,Hand foot and mouth disease,https://dermnetnz.org/topics/hand-foot-and-mouth-disease-images
134,Herpes simplex,https://dermnetnz.org/topics/herpes-simplex-images
135,Herpes zoster,https://dermnetnz.org/topics/herpes-zoster-images
136,Hidradenitis suppurativa,https://dermnetnz.org/topics/hidradenitis-suppurativa-images
137,Hidrocystoma,https://dermnetnz.org/topics/hidrocystoma-images
138,Hypomelanotic malignant melanoma,https://dermnetnz.org/topics/amelanotic-melanoma-images
139,Ichthyosis,https://dermnetnz.org/topics/ichthyosis-images
140,Immunological disorder,https://dermnetnz.org/image-catalogue/immunological-disorder-images
141,Impetigo,https://dermnetnz.org/images/impetigo-images
142,In situ squamous cell carcinoma,https://dermnetnz.org/topics/intraepidermal-carcinoma-images
143,Infantile acne,https://dermnetnz.org/topics/infantile-acne-images
144,Infantile papular acrodermatitis,https://dermnetnz.org/topics/infantile-papular-acrodermatitis-images
145,Insect bite,https://dermnetnz.org/topics/insect-bite-images
146,"Insect, mite and worm bite",https://dermnetnz.org/image-catalogue/insect-mite-and-worm-bite-images
147,Juvenile plantar dermatosis,https://dermnetnz.org/topics/juvenile-plantar-dermatosis-images
148,Kaposi sarcoma,https://dermnetnz.org/topics/kaposi-sarcoma-images
149,Keloid,https://dermnetnz.org/topics/keloid-images
150,Keratoacanthoma,https://dermnetnz.org/topics/keratoacanthoma-images
151,Keratolytic winter,https://dermnetnz.org/topics/keratolytic-winter-erythema-images
152,Keratosis pilaris,https://dermnetnz.org/topics/keratosis-pilaris-images
153,Kerion,https://dermnetnz.org/topics/kerion-images
154,Labial fusion,https://dermnetnz.org/topics/labial-fusion-images
155,Lax beetle,https://dermnetnz.org/topics
156,Leg ulcer,https://dermnetnz.org/topics/leg-ulcer-images
157,Leishmaniasis,https://dermnetnz.org/
158,Lentigo,https://dermnetnz.org/topics/lentigo-images
159,Lentigo maligna melanoma,https://dermnetnz.org/topics/lentigo-maligna-melanoma-images
160,"Lesion, tumour and cancer",https://dermnetnz.org/image-catalogue/lesion-tumour-and-cancer-images
161,Lichen aureus,https://dermnetnz.org/topics/capillaritis-images
162,Lichen planus,https://dermnetnz.org/images/lichen-planus-images
163,Lichen planus nail,https://dermnetnz.org/images/nail-lichen-planus-images
164,Lichen simplex,https://dermnetnz.org/
165,Lipodermatosclerosis,https://dermnetnz.org/topics/lipodermatosclerosis-images
166,Loss of eyebrows,https://dermnetnz.org/topics/madarosis-images
167,Loss of eyelashes,https://dermnetnz.org/topics/madarosis-images
168,Madarosis,https://dermnetnz.org/topics/madarosis-images
169,Majocchi purpura,https://dermnetnz.org/topics/capillaritis-images
170,Mammmary and extramammary Paget,https://dermnetnz.org/topics/mammary-and-extramammary-paget-disease-of-the-skin-images
171,Measles,https://dermnetnz.org/topics/measles-images
172,Melanoma in situ,https://dermnetnz.org/topics/melanoma-in-situ-images
173,Melanoma of nail unit,https://dermnetnz.org/topics/melanoma-of-nail-unit-images
174,Melanonychia,https://dermnetnz.org/topics/melanonychia-images
175,Melasma,https://dermnetnz.org/topics/melasma-images
176,Metastatic melanoma,https://dermnetnz.org/topics/metastatic-melanoma-images
177,Milia,https://dermnetnz.org/topics/milia-images
178,Mole,https://dermnetnz.org/topics/mole-images
179,Molluscum contagiosum,https://dermnetnz.org/topics/molluscum-contagiosum-images
180,"Moniliasis affecting the lips, mouth and face",https://dermnetnz.org/topics/candida-affecting-the-lips-mouth-and-face-images
181,Morphea,https://dermnetnz.org/topics/morphoea-images
182,Nail psoriasis,https://dermnetnz.org/topics/nail-psoriasis-images
183,Necrotising fasciitis,https://dermnetnz.org/topics/necrotising-fasciitis-images
184,Neurofibromatosis,https://dermnetnz.org/topics/neurofibromatosis-images
185,Nodular BCC,https://dermnetnz.org/topics/nodular-bcc-images
186,Nodular basal cell carcinoma,https://dermnetnz.org/topics/nodular-bcc-images
187,Nodular melanoma,https://dermnetnz.org/topics/nodular-melanoma-images
188,Nontuberculous mycobacteria,https://dermnetnz.org/topics/atypical-mycobacterial-infection-images
189,Nummular dermatitis,https://dermnetnz.org/topics/discoid-eczema-images
190,Orf,https://dermnetnz.org/topics/orf-images
191,PMLE,https://dermnetnz.org/images/polymorphic-light-eruption-images
192,Palmoplantar psoriasis,https://dermnetnz.org/topics/palmoplantar-psoriasis-images
193,Palmoplantar pustulosis,https://dermnetnz.org/topics/palmoplantar-pustulosis-images
194,Paronychia,https://dermnetnz.org/topics/paronychia-images
195,Patch test,https://dermnetnz.org/topics/patch-test-images
196,Pemphigus,https://dermnetnz.org/images/pemphigus-vulgaris-images
197,Penile epithelial neoplasia,https://dermnetnz.org/topics/penile-epithelial-neoplasia-images
198,Penile infections,https://dermnetnz.org/topics/balanitis-images
199,Penile lichen planus,https://dermnetnz.org/images/genital-lichen-planus-images
200,Penile lichen,https://dermnetnz.org/topics/penile-lichen-sclerosus-images
201,Penile pearly papules,https://dermnetnz.org/topics/pearly-penile-papules-images
202,Perianal lichen sclerosus,https://dermnetnz.org/topics/perianal-lichen-sclerosus-images
203,Perioral dermatitis,https://dermnetnz.org/topics/periorificial-dermatitis-images
204,Perleche,https://dermnetnz.org/topics/angular-cheilitis-images
205,Perlèche,https://dermnetnz.org/topics/angular-cheilitis-images
206,Phototherapy course,https://dermnetnz.org/image-catalogue/phototherapy-course-images
207,Piezogenic papule,https://dermnetnz.org/topics/piezogenic-papule-images
208,Pigmentation problem,https://dermnetnz.org/image-catalogue/pigmentation-problem-images
209,Pigmented purpura,https://dermnetnz.org/topics/capillaritis-images
210,Pigmented purpuric lichenoid dermatosis,https://dermnetnz.org/topics/capillaritis-images
211,Pityriasis alba,https://dermnetnz.org/images/pityrasis-alba-images
212,Pityriasis rosea,https://dermnetnz.org/
213,Pityriasis versicolor,https://dermnetnz.org/topics/pityriasis-versicolor-images
214,Plasma cell balanitis~vulvitis,https://dermnetnz.org/topics/plasma-cell-balanitisvulvitis-images
215,Polymorphic light eruption,https://dermnetnz.org/images/polymorphic-light-eruption-images
216,Polymorphous light eruption,https://dermnetnz.org/images/polymorphic-light-eruption-images
217,Pompholyx,https://dermnetnz.org/topics/pompholyx-images
218,Pretibial myxoedema,https://dermnetnz.org/topics/pretibial-myxoedema-images
219,Principals of dermatological practice course,https://dermnetnz.org/image-catalogue/principals-of-dermatological-practice-course-images
220,Procedures,https://dermnetnz.org/image-catalogue/procedures-images
221,Prurigo of pregnancy,https://dermnetnz.org/topics/prurigo-of-pregnancy-images
222,Psoriasis affecting the face,https://dermnetnz.org/topics/facial-psoriasis-images
223,Psoriasis of the scalp,https://dermnetnz.org/topics/psoriasis-of-the-scalp-images
224,Purpura annularis telangiectodes,https://dermnetnz.org/topics/capillaritis-images
225,Pustular psoriasis of the hand and feet,https://dermnetnz.org/topics/palmoplantar-pustulosis-images
226,Reactions to external agent,https://dermnetnz.org/image-catalogue/reactions-to-external-agent-images
227,Rhinophyma,https://dermnetnz.org/topics/rhinophyma-images
228,Rodent ulcer affecting the ear,https://dermnetnz.org/topics/basal-cell-carcinoma-affecting-the-ear-images
229,Rodent ulcer affecting the eyelid,https://dermnetnz.org/topics/basal-cell-carcinoma-affecting-the-eyelid-images
230,Rodent ulcer affecting the face,https://dermnetnz.org/topics/basal-cell-carcinoma-affecting-the-face-images
231,Rodent ulcer affecting the nose,https://dermnetnz.org/topics/basal-cell-carcinoma-affecting-the-nose-images
232,Rodent ulcer affecting the trunk,https://dermnetnz.org/topics/basal-cell-carcinoma-affecting-the-trunk-images
233,Rosacea,https://dermnetnz.org/images/rosacea-images
234,Roseola,https://dermnetnz.org/topics/roseola-images
235,SJS-TEN,https://dermnetnz.org/topics/sjs-ten-images
236,SLE,https://dermnetnz.org/topics/systemic-lupus-erythematosus-images
237,Scabies,https://dermnetnz.org/images/scabies-images
238,Scalp folliculitis,https://dermnetnz.org/topics/scalp-folliculitis-images
239,Scaly skin disease,https://dermnetnz.org/image-catalogue/scaly-skin-disease-images
240,Schamberg disease,https://dermnetnz.org/topics/capillaritis-images
241,Sebaceous hyperplasia,https://dermnetnz.org/topics/sebaceous-hyperplasia-images
242,Seborrhoeic keratosis dermoscopy,https://dermnetnz.org/topics/seborrhoeic-keratosis-dermoscopy-images
243,Seborrhoeic keratosis,https://dermnetnz.org/topics/seborrhoeic-keratosis-images
244,Shiitake flagellate dermatitis,https://dermnetnz.org/topics/shiitake-flagellate-dermatitis-images
245,Skin pathology,https://dermnetnz.org/image-catalogue/skin-pathology-images
246,Skin signs of systemic disease,https://dermnetnz.org/image-catalogue/skin-signs-of-systemic-disease-images
247,Skin tag,https://dermnetnz.org/topics/skin-tag-images
248,Solar keratosis affecting the face,https://dermnetnz.org/topics/actinic-keratosis-face-images
249,Solar keratosis affecting the hand,https://dermnetnz.org/topics/actinic-keratosis-affecting-the-hand-images
250,Solar keratosis affecting the legs and feet,https://dermnetnz.org/topics/actinic-keratosis-leg-and-foot-images
251,Solar keratosis affecting the scalp,https://dermnetnz.org/topics/actinic-keratosis-scalp-images
252,Solar keratosis on the nose,https://dermnetnz.org/topics/actinic-keratosis-on-the-nose-images
253,Solar keratosis treated with imiquimod,https://dermnetnz.org/topics/actinic-keratosis-imiquimod-images
254,Solar lentigo,https://dermnetnz.org/topics/solar-lentigo-images
255,Spa pool folliculitis,https://dermnetnz.org/topics/spa-pool-folliculitis-images
256,Spider naevus,https://dermnetnz.org/topics/spider-telangiectasis-images
257,Spider telangiectasis,https://dermnetnz.org/topics/spider-telangiectasis-images
258,Squamous cell carcinoma of limbs,https://dermnetnz.org/topics/squamous-cell-carcinoma-of-limbs-images
259,Squamous cell carcinoma of the ear,https://dermnetnz.org/topics/squamous-cell-carcinoma-of-the-ear-images
260,Squamous cell carcinoma of the lip,https://dermnetnz.org/topics/squamous-cell-carcinoma-of-the-lip-images
261,Squamous cell carcinoma on the face,https://dermnetnz.org/topics/squamous-cell-carcinoma-on-the-face-images
262,Staphylococcal scalded skin,https://dermnetnz.org/topics/staphylococcal-scalded-skin-syndrome-images
263,Steroid acne,https://dermnetnz.org/topics/steroid-acne-images
264,Subungual,https://dermnetnz.org/
265,Superficial spreading melanoma,https://dermnetnz.org/topics/superficial-spreading-melanoma-images
266,Supernumerary nipple,https://dermnetnz.org/topics/supernumerary-nipple-images
267,Syphilis,https://dermnetnz.org/topics/syphilis-images
268,Systemic lupus erythematosus,https://dermnetnz.org/topics/systemic-lupus-erythematosus-images
269,Tinea corporis,https://dermnetnz.org/topics/tinea-corporis-images
270,Tinea pedis,https://dermnetnz.org/topics/tinea-pedis-images
271,Transient acantholytic,https://dermnetnz.org/topics/transient-acantholytic-dermatosis-images
272,Treatment,https://dermnetnz.org/image-catalogue/treatment-images
273,Trichotillomania,https://dermnetnz.org/topics/trichotillomania-images
274,Tuberous sclerosis,https://dermnetnz.org/topics/tuberous-sclerosis-images
275,Ungual squamous cell carcinoma in situ,https://dermnetnz.org/topics/ungual-squamous-cell-carcinoma-in-situ-images
276,Urticaria,https://dermnetnz.org/topics/urticaria-images
277,Urticarial vasculitis,https://dermnetnz.org/topics/urticarial-vasculitis-images
278,Varicella,https://dermnetnz.org/topics/varicella-images
279,Vascular malformation,https://dermnetnz.org/topics/vascular-malformation
280,Vasculitis,https://dermnetnz.org/topics/vasculitis-images
281,Venous lake,https://dermnetnz.org/topics/venous-lake-images
282,Viral skin infections,https://dermnetnz.org/image-catalogue/viral-skin-infections
283,Viral warts,https://dermnetnz.org/topics/viral-warts-images
284,Vitiligo,https://dermnetnz.org/topics/vitiligo-images
285,Vulval cancer,https://dermnetnz.org/images/vulval-cancer-images
286,Vulval erosive lichen planus,https://dermnetnz.org/images/vulval-erosive-lichen-planus-images
287,Vulval intraepithelial neoplasia,https://dermnetnz.org/topics/vulval-intraepithelial-neoplasia-images
288,Vulval lichen planus,https://dermnetnz.org/images/genital-lichen-planus-images
289,Vulval lichen sclerosus,https://dermnetnz.org/topics/vulval-lichen-sclerosus-images
290,Vulval ulcer,https://dermnetnz.org/topics/vulval-ulcer-images
291,Vulvovaginal candidiasis,https://dermnetnz.org/topics/vulvovaginal-candidiasis-images
292,Xanthelasma,https://dermnetnz.org/topics/xanthelasma-images
293,Xeroderma pigmentosum,https://dermnetnz.org/topics/xeroderma-pigmentosum-images
